city,model,n_total,n_valid,n_invalid,accuracy,precision_macro,recall_macro,f1_macro
Dublin,claude,100,100,0,0.85,0.6561647361647361,0.6685380434007219,0.6606800090563972
Edinburgh,claude,100,100,0,0.94,0.749780701754386,0.7503019323671497,0.749465601965602
London,claude,100,98,2,0.88,0.7185485080221923,0.7048122442859286,0.7114260008996851
